keyword,owner,repo_name,stars,forks_count,issue_count,network_count,subscribers_count,watchers_count,description,topics
Python,donnemartin,system-design-primer,148947,27508,261,27508,5846,148947,Learn how to design large-scale systems. Prep for the system design interview.  Includes Anki flashcards.,"programming,development,design,design-system,system,design-patterns,web,web-application,webapp,python,interview,interview-questions,interview-practice"
Python,TheAlgorithms,Python,122498,32872,221,32872,5884,122498,All Algorithms implemented in Python,"python,algorithm,algorithms-implemented,algorithm-competitions,algos,sorts,searches,sorting-algorithms,education,learn,practice,community-driven,interview,hacktoberfest"
Python,vinta,awesome-python,106180,20177,211,20177,5589,106180,"A curated list of awesome Python frameworks, libraries, software and resources","awesome,python,collections,python-library,python-framework,python-resources"
Python,ytdl-org,youtube-dl,102000,6274,4838,6274,2224,102000,Command-line program to download videos from YouTube.com and other video sites,
Python,tensorflow,models,71788,45037,1270,45037,2904,71788,Models and examples built with TensorFlow,
Python,nvbn,thefuck,64560,2995,226,2995,835,64560,Magnificent app which corrects your previous console command.,"python,shell"
Python,django,django,60541,25849,161,25849,2312,60541,The Web framework for perfectionists with deadlines.,"python,django,web,framework,orm,templates,models,views,apps"
Python,pallets,flask,57055,14684,31,14684,2213,57055,The Python micro framework for building web applications.,"python,flask,wsgi,web-framework,werkzeug,jinja,pallets"
Python,huggingface,transformers,53562,12702,420,12702,771,53562,"🤗 Transformers: State-of-the-art Natural Language Processing for Pytorch, TensorFlow, and JAX.","nlp,natural-language-processing,natural-language-understanding,pytorch,language-model,natural-language-generation,tensorflow,bert,language-models,pytorch-transformers,nlp-library,transformer,model-hub,pretrained-models,jax,flax,seq2seq,speech-recognition,hacktoberfest,python"
Python,keras-team,keras,53082,18879,270,18879,2002,53082,Deep Learning for humans,"deep-learning,tensorflow,neural-networks,machine-learning,data-science,python"
Python,httpie,httpie,52643,3399,136,3399,1054,52643,"As easy as /aitch-tee-tee-pie/ 🥧 Modern, user-friendly command-line HTTP client for the API era. JSON support, colors, sessions, downloads, plugins & more. https://twitter.com/httpie","http,cli,client,terminal,web,json,development,rest,debugging,python,usability,httpie,developer-tools,http-client,curl,devops,api,api-client,rest-api,api-testing"
Python,ansible,ansible,50570,21243,1568,21243,1997,50570,"Ansible is a radically simple IT automation platform that makes your applications and systems easier to deploy and maintain. Automate everything from code deployment to network configuration to cloud management, in a language that approaches plain English, using SSH, with no agents to install on remote systems. https://docs.ansible.com.","python,ansible,hacktoberfest"
Python,521xueweihan,HelloGitHub,48084,6988,13,6988,2547,48084,":octocat: 分享 GitHub 上有趣、入门级的开源项目。Share interesting, entry-level open source projects on GitHub.","github,hellogithub,python,awesome"
Python,scikit-learn,scikit-learn,47837,22203,2421,22203,2230,47837,scikit-learn: machine learning in Python,"machine-learning,python,statistics,data-science,data-analysis"
Python,psf,requests,46319,8521,275,8521,1377,46319,"A simple, yet elegant, HTTP library.","python,http,forhumans,requests,python-requests,client,humans,cookies"
Python,ageitgey,face_recognition,42033,11729,657,11729,1592,42033,The world's simplest facial recognition api for Python and the command line,"machine-learning,face-detection,face-recognition,python"
Python,minimaxir,big-list-of-naughty-strings,41497,1960,82,1960,869,41497,The Big List of Naughty Strings is a list of strings which have a high probability of causing issues when used as user-input data.,
Python,apache,superset,41471,8087,1247,8087,1423,41471,Apache Superset is a Data Visualization and Data Exploration Platform,"superset,apache,apache-superset,data-visualization,data-viz,analytics,business-intelligence,data-science,data-engineering,asf,bi,business-analytics,data-analytics,data-analysis,python,react,sql-editor,flask"
Python,python,cpython,41100,20670,1465,20670,1429,41100,The Python programming language,
Python,deepfakes,faceswap,39449,11315,17,11315,1523,39449,Deepfakes Software For All,"faceswap,face-swap,deep-learning,deeplearning,deep-neural-networks,deepfakes,deepface,deep-face-swap,fakeapp,neural-networks,neural-nets,openfaceswap,myfakeapp,machine-learning"
Python,3b1b,manim,38623,4424,323,4424,821,38623,Animation engine for explanatory math videos,"python,animation,explanatory-math-videos,3b1b-videos"
Python,localstack,localstack,36281,2756,335,2756,501,36281,💻  A fully functional local AWS cloud stack. Develop and test your cloud & Serverless apps offline!,"aws,localstack,testing,continuous-integration,developer-tools,python"
Python,isocpp,CppCoreGuidelines,32256,4349,191,4349,2033,32256,"The C++ Core Guidelines are a set of tried-and-true guidelines, rules, and best practices about coding in C++",
Python,apachecn,AiLearning,31848,10527,3,10527,1703,31848,AiLearning: 机器学习 - MachineLearning - ML、深度学习 - DeepLearning - DL、自然语言处理 NLP,"fp-growth,apriori,mahchine-leaning,naivebayes,svm,adaboost,kmeans,svd,pca,logistic,regression,recommendedsystem,sklearn,scikit-learn,nlp,deeplearning,python,dnn,lstm,rnn"
Python,swisskyrepo,PayloadsAllTheThings,31745,8677,18,8677,1464,31745,A list of useful payloads and bypass for Web Application Security and Pentest/CTF,"pentest,payload,bypass,web-application,hacking,vulnerability,bounty,methodology,privilege-escalation,penetration-testing,cheatsheet,security,enumeration,bugbounty,redteam,payloads,hacktoberfest"
Python,pandas-dev,pandas,31583,13439,3535,13439,1118,31583,"Flexible and powerful data analysis / manipulation library for Python, providing labeled data structures similar to R data.frame objects, statistical functions, and much more","data-analysis,pandas,flexible,alignment,python"
Python,willmcgugan,rich,30733,991,43,991,517,30733,Rich is a Python library for rich text and beautiful formatting in the terminal.,"python,python3,python-library,terminal,terminal-color,markdown,tables,syntax-highlighting,ansi-colors,progress-bar-python,progress-bar,traceback,rich,tracebacks-rich,emoji"
Python,commaai,openpilot,30444,5681,168,5681,1298,30444,openpilot is an open source driver assistance system. openpilot performs the functions of Automated Lane Centering and Adaptive Cruise Control for over 100 supported car makes and models.,hacktoberfest
Python,faif,python-patterns,29550,6040,12,6040,1656,29550,A collection of design patterns/idioms in Python,"python,idioms,design-patterns"
Python,google-research,bert,29532,8332,826,8332,979,29532,TensorFlow code and pre-trained models for BERT,"nlp,google,natural-language-processing,natural-language-understanding,tensorflow"
Python,CorentinJ,Real-Time-Voice-Cloning,31008,5666,13,5666,796,31008,Clone a voice in 5 seconds to generate arbitrary speech in real-time,"deep-learning,pytorch,tensorflow,tts,voice-cloning,python"
Python,XX-net,XX-Net,30891,7816,7723,7816,1733,30891,A proxy tool to bypass GFW.,"goagent,gfw,proxy,vpn,uncensored"
Python,willmcgugan,rich,30733,991,43,991,517,30733,Rich is a Python library for rich text and beautiful formatting in the terminal.,"python,python3,python-library,terminal,terminal-color,markdown,tables,syntax-highlighting,ansi-colors,progress-bar-python,progress-bar,traceback,rich,tracebacks-rich,emoji"
Python,commaai,openpilot,30444,5681,168,5681,1298,30444,openpilot is an open source driver assistance system. openpilot performs the functions of Automated Lane Centering and Adaptive Cruise Control for over 100 supported car makes and models.,hacktoberfest
Python,testerSunshine,12306,30332,9443,266,9443,863,30332,12306智能刷票，订票,
Python,iperov,DeepFaceLab,29674,6652,349,6652,968,29674,DeepFaceLab is the leading software for creating deepfakes.,"faceswap,face-swap,deep-learning,deeplearning,deep-neural-networks,deepfakes,deepface,deep-face-swap,fakeapp,neural-networks,neural-nets,deepfacelab,creating-deepfakes,arxiv"
Python,faif,python-patterns,29550,6040,12,6040,1656,29550,A collection of design patterns/idioms in Python,"python,idioms,design-patterns"
Python,getsentry,sentry,29352,3268,397,3268,670,29352,"Sentry is cross-platform application monitoring, with a focus on error reporting.","crash-reporting,crash-reports,error-monitoring,monitoring,devops,csp-report,django,error-logging,sentry,python,monitor,apm,hacktoberfest"
Python,certbot,certbot,28431,3139,584,3139,805,28431,Certbot is EFF's tool to obtain certs from Let's Encrypt and (optionally) auto-enable HTTPS on your server.  It can also act as a client for any other CA that uses the ACME protocol.,"acme,acme-client,certbot,certificate,letsencrypt,python"
Python,satwikkansal,wtfpython,27559,2315,56,2315,767,27559,What the f*ck Python? 😱,"python,wats,snippets,wtf,gotchas,documentation,pitfalls,interview-questions,python-interview-questions"
Python,chubin,cheat.sh,27502,1373,95,1373,554,27502,the only cheat sheet you need,"cheatsheet,curl,terminal,command-line,cli,examples,documentation,help,tldr,hacktoberfest2021"
Python,d2l-ai,d2l-zh,27043,6460,9,6460,912,27043,《动手学深度学习》：面向中文读者、能运行、可讨论。中英文版被全球200所大学采用教学。,"deep-learning,book,notebook,natural-language-processing,computer-vision,machine-learning,python,chinese"
Python,gto76,python-cheatsheet,25544,4729,31,4729,961,25544,Comprehensive Python Cheatsheet,"cheatsheet,python,reference,python-cheatsheet"
Python,mitmproxy,mitmproxy,25082,3115,259,3115,607,25082,An interactive TLS-capable intercepting HTTP proxy for penetration testers and software developers.,"python,security,man-in-the-middle,tls,ssl,http,http2,websocket,proxy,debugging,hacktoberfest"
Python,facebookresearch,Detectron,24749,5369,323,5369,981,24749,"FAIR's research platform for object detection research, implementing popular algorithms like Mask R-CNN and RetinaNet.",
Python,hankcs,HanLP,24076,6413,6,6413,1148,24076,"Natural Language Processing for the next decade. Tokenization, Part-of-Speech Tagging, Named Entity Recognition, Syntactic & Semantic Dependency Parsing, Document Classification","nlp,natural-language-processing,hanlp,pos-tagging,dependency-parser,text-classification,named-entity-recognition,semantic-parsing"
Python,geekcomputers,Python,24068,10472,214,10472,2493,24068,My Python Examples,
Python,donnemartin,interactive-coding-challenges,24011,3902,66,3902,968,24011,120+ interactive Python coding interview challenges (algorithms and data structures).  Includes Anki flashcards.,"python,algorithm,data-structure,development,programming,coding,interview,interview-questions,interview-practice,competitive-programming"
Python,trailofbits,algo,23994,1960,113,1960,455,23994,Set up a personal VPN in the cloud,"vpn-server,strongswan,ansible,vpn,ikev2,security,encryption,ipsec,vpn-client,ssh-tunnel,wireguard"
Python,apache,airflow,23628,9541,955,9541,732,23628,"Apache Airflow - A platform to programmatically author, schedule, and monitor workflows","airflow,apache,apache-airflow,python,scheduler,workflow,hacktoberfest"
Java,iluwatar,java-design-patterns,71011,22123,260,22123,3899,71011,Design patterns implemented in Java,"java,principles,design-patterns,awesome-list,snippets,snippets-collection,snippets-library,hacktoberfest"
Java,MisterBooo,LeetCodeAnimation,67569,12965,12,12965,2606,67569,Demonstrate all the questions on LeetCode in the form of animation.（用动画的形式呈现解LeetCode题目的思路）,"leetcode,leetcode-solutions,leetcode-java,animation,leetcode-c"
Java,elastic,elasticsearch,57034,20788,3575,20788,2754,57034,"Free and Open, Distributed, RESTful Search Engine","elasticsearch,java,search-engine"
Java,TheAlgorithms,Java,42072,13889,100,13889,2244,42072,All Algorithms implemented in Java,"java,algorithms,algorithms-datastructures,algorithm-challenges,sorting-algorithms,search,sort,hacktoberfest,algorithm,data-structures"
Java,airbnb,lottie-android,32015,5131,42,5131,862,32015,"Render After Effects animations natively on Android and iOS, Web, and React Native","animation,android,lottie,airbnb,after-effects"
Java,geekxh,hello-algorithm,29095,5614,3,5614,654,29095,🌍 针对小白的算法训练 | 包括四部分：①.算法基础 ②.力扣图解 ③.大厂面经 ④.CS_汇总 | 附：1、千本开源电子书  2、百张技术思维导图（项目花了上百小时，希望可以点 star 支持，🌹感谢~）,"algorithms,interview-questions,dynamic-programming,leetcode,leetcode-solutions"
Java,zxing,zxing,28602,9109,10,9109,1701,28602,"ZXing (""Zebra Crossing"") barcode scanning library for Java, Android","java,android,barcode,barcode-scanner,zxing,qr-code,datamatrix,upc"
Java,alibaba,arthas,27554,6036,200,6036,1140,27554,Alibaba Java Diagnostic Tool Arthas/Alibaba Java诊断利器Arthas,"java,agent,trace,jvm,arthas,trouble-shooting,diagnosis,classloader,alibaba"
Java,crossoverJie,JCSprout,26482,7134,40,7134,1696,26482,"👨‍🎓 Java Core Sprout : basic, concurrent, algorithm ","java,concurrent-programming,algorithm,basic-java,netty,jvm"
Java,alibaba,druid,24717,7916,2187,7916,1788,24717,阿里云计算平台DataWorks(https://help.aliyun.com/document_detail/137663.html) 团队出品，为监控而生的数据库连接池,
Java,alibaba,fastjson,23898,6328,1713,6328,1359,23898,A fast JSON parser/generator for Java.  ,"fastjson,java,android,json,json-parser,json-serialization,json-serializer,serialization,deserialization,best-performance"
Java,xkcoding,spring-boot-demo,23840,8266,91,8266,970,23840,该项目已成功集成 actuator(监控)、admin(可视化监控)、logback(日志)、aopLog(通过AOP记录web请求日志)、统一异常处理(json级别和页面级别)、freemarker(模板引擎)、thymeleaf(模板引擎)、Beetl(模板引擎)、Enjoy(模板引擎)、JdbcTemplate(通用JDBC操作数据库)、JPA(强大的ORM框架)、mybatis(强大的ORM框架)、通用Mapper(快速操作Mybatis)、PageHelper(通用的Mybatis分页插件)、mybatis-plus(快速操作Mybatis)、BeetlSQL(强大的ORM框架)、upload(本地文件上传和七牛云文件上传)、redis(缓存)、ehcache(缓存)、email(发送各种类型邮件)、task(基础定时任务)、quartz(动态管理定时任务)、xxl-job(分布式定时任务)、swagger(API接口管理测试)、security(基于RBAC的动态权限认证)、SpringSession(Session共享)、Zookeeper(结合AOP实现分布式锁)、RabbitMQ(消息队列)、Kafka(消息队列)、websocket(服务端推送监控服务器运行信息)、socket.io(聊天室)、ureport2(中国式报表)、打包成war文件、集成 ElasticSearch(基本操作和高级查询)、Async(异步任务)、集成Dubbo(采用官方的starter)、MongoDB(文档数据库)、neo4j(图数据库)、docker(容器化)、JPA多数据源、Mybatis多数据源、代码生成器、GrayLog(日志收集)、JustAuth(第三方登录)、LDAP(增删改查)、动态添加/切换数据源、单机限流(AOP + Guava RateLimiter)、分布式限流(AOP + Redis + Lua)、ElasticSearch 7.x(使用官方 Rest High Level Client)、HTTPS、Flyway(数据库初始化)、UReport2(中国式复杂报表)。,"java,in-action,demo,web,spring,spring-boot,spring-boot-2,spring-boot-demo,xkcoding"
Java,dbeaver,dbeaver,23046,2166,1355,2166,493,23046,Free universal database tool and SQL client,"sql,database,dbeaver,gui,mysql,postgresql,db2,sqlite,erd,java,oracle"
Java,qiurunze123,miaosha,22849,5861,57,5861,806,22849,⭐⭐⭐⭐秒杀系统设计与实现.互联网工程师进阶与分析🙋🐓,
Java,alibaba,easyexcel,21624,5750,42,5750,580,21624,快速、简单避免OOM的java处理Excel工具,"excel,poi,jxl,xls,xlsx,java,oom"
Java,signalapp,Signal-Android,21402,5163,1585,5163,939,21402,A private messenger for Android.,
Java,seata,seata,21068,6981,578,6981,883,21068,":fire: Seata is an easy-to-use, high-performance, open source distributed transaction solution.","fescar,transaction-manager,microservice,gts,branch-transactions,data-consistency,seata,tcc,tcc-transaction,dtx,saga,xa,distributed-transaction"
Java,apache,kafka,20281,10710,963,10710,1076,20281,Mirror of Apache Kafka,"scala,kafka"
Java,alibaba,nacos,20172,8358,407,8358,851,20172,"an easy-to-use dynamic service discovery, configuration and service management platform for building cloud native applications.","nacos,dubbo,alibaba,kubernetes,istio,spring-cloud,microservices,service-mesh,configuration-management,distributed-configuration,dns,service-discovery,config"
Java,halo-dev,halo,20132,6890,74,6890,448,20132,✍ 一款优秀的开源博客发布应用。,"halo,blog,blog-engine,cms,hacktoberfest"
Java,libgdx,libgdx,19190,6212,220,6212,1239,19190,Desktop/Android/HTML5/iOS Java game development framework,"libgdx,java,game,cross-platform,android,ios,html5,windows,linux,macosx,2d,3d,framework"
Java,google,ExoPlayer,18461,5413,545,5413,858,18461,An extensible media player for Android,"android,mediaplayer,java,exoplayer"
Java,didi,DoraemonKit,18119,2674,139,2674,393,18119,一款面向泛前端产品研发全生命周期的效率平台。,"ios,tools,monitoring,performance,android,mockgps,miniapp"
Java,apache,skywalking,18060,5332,53,5332,842,18060,"APM, Application Performance Monitoring System","skywalking,observability,apm,service-mesh,dapper,distributed-tracing,web-performance,metrics,logging,prometheus,open-telemetry,zabbix"
Java,jenkinsci,jenkins,18019,7059,74,7059,890,18019,Jenkins automation server,"continuous-integration,continuous-delivery,continuous-deployment,java,groovy,jenkins,pipelines-as-code,devops,cicd,hacktoberfest"
Java,alibaba,Sentinel,17756,6216,439,6216,768,17756,"A powerful flow control component enabling reliability, resilience and monitoring for microservices. (面向云原生微服务的高可用流控防护组件)","alibaba,java,microservice,circuit-breaker,rate-limiting,reliability,hacktoberfest"
Java,bazelbuild,bazel,17570,3149,2284,3149,604,17570,"a fast, scalable, multi-language and extensible build system","bazel,build,test,fast,correct,scalable,multi-language,build-system"
Java,apache,flink,17467,9783,704,9783,926,17467,Apache Flink,"scala,java,big-data,flink,python,sql"
Java,nostra13,Android-Universal-Image-Loader,16835,6256,444,6256,1365,16835,"Powerful and flexible library for loading, caching and displaying images on Android.",
Java,CarGuo,GSYVideoPlayer,16828,3704,15,3704,418,16828,"视频播放器（IJKplayer、ExoPlayer、MediaPlayer），HTTPS，支持弹幕，外挂字幕，支持滤镜、水印、gif截图，片头广告、中间广告，多个同时播放，支持基本的拖动，声音、亮度调节，支持边播边缓存，支持视频自带rotation的旋转（90,270之类），重力旋转与手动旋转的同步支持，支持列表播放 ，列表全屏动画，视频加载速度，列表小窗口支持拖动，动画效果，调整比例，多分辨率切换，支持切换播放器，进度条小窗口预览，列表切换详情页面无缝播放，rtsp、concat、mpeg。 ","android,video,player,ijkplayer,ffmpeg,exoplayer,https,videocache"
Java,dbeaver,dbeaver,23046,2166,1355,2166,493,23046,Free universal database tool and SQL client,"sql,database,dbeaver,gui,mysql,postgresql,db2,sqlite,erd,java,oracle"
Java,qiurunze123,miaosha,22849,5861,57,5861,806,22849,⭐⭐⭐⭐秒杀系统设计与实现.互联网工程师进阶与分析🙋🐓,
Java,lenve,vhr,22639,9337,179,9337,881,22639,微人事是一个前后端分离的人力资源管理系统，项目采用SpringBoot+Vue开发。,
Java,Netflix,Hystrix,22115,4491,387,4491,1673,22115,"Hystrix is a latency and fault tolerance library designed to isolate points of access to remote systems, services and 3rd party libraries, stop cascading failure and enable resilience in complex distributed systems where failure is inevitable.",
Java,wuyouzhuguli,SpringAll,22001,6588,22,6588,853,22001,循序渐进，学习Spring Boot、Spring Boot & Shiro、Spring Batch、Spring Cloud、Spring Cloud Alibaba、Spring Security & Spring Security OAuth2，博客Spring系列源码：https://mrbird.cc,"spring-boot,springboot,learning,shiro,spring-boot-learning,spring-security,spring-cloud"
Java,SeleniumHQ,selenium,21998,6606,141,6606,1335,21998,A browser automation framework and ecosystem.,"selenium,webdriver,java,ruby,python,javascript,dotnet"
Java,hollischuang,toBeTopJavaer,21777,4941,31,4941,916,21777,To Be Top Javaer - Java工程师成神之路,"java,programmer,jvm,spring,mysql,design-patterns"
Java,alibaba,easyexcel,21624,5750,42,5750,580,21624,快速、简单避免OOM的java处理Excel工具,"excel,poi,jxl,xls,xlsx,java,oom"
Java,signalapp,Signal-Android,21402,5163,1585,5163,939,21402,A private messenger for Android.,
Java,seata,seata,21068,6981,578,6981,883,21068,":fire: Seata is an easy-to-use, high-performance, open source distributed transaction solution.","fescar,transaction-manager,microservice,gts,branch-transactions,data-consistency,seata,tcc,tcc-transaction,dtx,saga,xa,distributed-transaction"
Java,alibaba,canal,21051,6273,739,6273,1197,21051,阿里巴巴 MySQL binlog 增量订阅&消费组件 ,
Java,apache,kafka,20281,10710,963,10710,1076,20281,Mirror of Apache Kafka,"scala,kafka"
Java,google,gson,20223,3920,643,3920,753,20223,A Java serialization/deserialization library to convert Java Objects into JSON and back,
Java,halo-dev,halo,20132,6890,74,6890,448,20132,✍ 一款优秀的开源博客发布应用。,"halo,blog,blog-engine,cms,hacktoberfest"
Java,xuxueli,xxl-job,19819,8409,790,8409,941,19819,A distributed task scheduling framework.（分布式任务调度平台XXL-JOB）,"xxl-job,job,quartz,glue,task,schedule,scheduler,java,distributed,restful"
Java,ReactiveX,RxAndroid,19551,3007,1,3007,1030,19551,RxJava bindings for Android,
Java,libgdx,libgdx,19190,6212,220,6212,1239,19190,Desktop/Android/HTML5/iOS Java game development framework,"libgdx,java,game,cross-platform,android,ios,html5,windows,linux,macosx,2d,3d,framework"
Java,google,ExoPlayer,18461,5413,545,5413,858,18461,An extensible media player for Android,"android,mediaplayer,java,exoplayer"
Java,square,picasso,18148,4016,222,4016,883,18148,A powerful image downloading and caching library for Android,
Java,DrKLO,Telegram,18127,6261,472,6261,1170,18127,Telegram for Android source,telegram
C,torvalds,linux,120718,39602,324,39602,7888,120718,Linux kernel source tree,
C,netdata,netdata,56575,5092,248,5092,1418,56575,"Real-time performance monitoring, done right! https://www.netdata.cloud","monitoring,iot,notifications,docker,statsd,kubernetes,cncf,prometheus,containers,netdata,analytics,devops,time-series,observability,alerting,graphing,influxdb,grafana,graphite,dashboard"
C,Genymobile,scrcpy,56568,5891,840,5891,977,56568,Display and control your Android device,"android,c,sdl2,libav,ffmpeg,screen,mirroring,recording"
C,redis,redis,51684,20233,2095,20233,2661,51684,"Redis is an in-memory database that persists on disk. The data model is key-value, but many different kind of values are supported: Strings, Lists, Sets, Sorted Sets, Hashes, Streams, HyperLogLogs, Bitmaps.",
C,git,git,39968,22447,83,22447,2316,39968,Git Source Code Mirror - This is a publish-only repository and all pull requests are ignored. Please follow Documentation/SubmittingPatches procedure for any of your improvements.,"c,shell,hacktoberfest"
C,obsproject,obs-studio,31979,5266,597,5266,1384,31979,OBS Studio - Free and open source software for live streaming and screen recording,"c,c-plus-plus,live-streaming,video-recording,screen-capture,game-capture,directshow,ffmpeg,twitch-tv,facebook-live,youtube-live"
C,php,php-src,31612,6874,248,6874,1456,31612,The PHP Interpreter,
C,wg,wrk,30521,2508,155,2508,757,30521,Modern HTTP benchmarking tool,
C,bilibili,ijkplayer,29573,7654,2682,7654,1219,29573,"Android/iOS video player based on FFmpeg n3.4, with MediaCodec, VideoToolbox support.","ijkplayer,android,ios,video,player,ffmpeg"
C,ventoy,Ventoy,28087,2064,239,2064,469,28087,A new bootable USB solution.,"bootable-usb,multiboot,uefi,legacy,iso-files,usb,secure-boot,windows,linux,unix,vmware,chromeos"
C,FFmpeg,FFmpeg,26760,8874,3,8874,1273,26760,Mirror of https://git.ffmpeg.org/ffmpeg.git,"ffmpeg,video,audio,c,mpeg,webm,mp4,matroska,hls,rtsp,rtmp,hevc,fft,multimedia,streaming"
C,QSCTech,zju-icicles,23207,6904,8,6904,1043,23207,浙江大学课程攻略共享计划,
C,tmux,tmux,22991,1615,25,1615,432,22991,tmux source code,
C,ggreer,the_silver_searcher,22771,1301,504,1301,430,22771,"A code-searching tool similar to ack, but faster.","command-line-tool,c,silver-searcher,pcre,ag,search-in-text"
C,curl,curl,22425,4712,45,4712,706,22425,"A command line tool and library for transferring data with URL syntax, supporting DICT, FILE, FTP, FTPS, GOPHER, GOPHERS, HTTP, HTTPS, IMAP, IMAPS, LDAP, LDAPS, MQTT, POP3, POP3S, RTMP, RTMPS, RTSP, SCP, SFTP, SMB, SMBS, SMTP, SMTPS, TELNET and TFTP. libcurl offers a myriad of powerful features","http,https,ftp,user-agent,client,library,curl,libcurl,c,transfer-data,ldap,mqtt,sftp,scp,imaps,gopher,pop3,transferring-data,hacktoberfest"
C,cfenollosa,os-tutorial,21943,2700,93,2700,848,21943,How to create an OS from scratch,
C,pjreddie,darknet,21677,18614,1875,18614,904,21677,Convolutional Neural Networks,
C,emscripten-core,emscripten,21356,2680,1047,2680,618,21356,Emscripten: An LLVM-to-WebAssembly Compiler,
C,stedolan,jq,20588,1222,694,1222,316,20588,Command-line JSON processor,
C,julycoding,The-Art-Of-Programming-By-July,20127,7137,68,7137,1894,20127,本项目曾冲到全球第一，干货集锦见本页面最底部，另完整精致的纸质版《编程之法：面试和算法心得》已在京东/当当上销售,
C,SamyPesse,How-to-Make-a-Computer-Operating-System,19605,3361,83,3361,1610,19605,How to Make a Computer Operating System in C++,
C,coolsnowwolf,lede,18393,15425,198,15425,735,18393,Lean's OpenWrt source,"lede,lua,openwrt,openwrt-shadowsocksr-libev-full,openwrt-package,openwrt-zh-cn,openwrt-feed"
C,libuv,libuv,18368,2960,151,2960,705,18368,Cross-platform asynchronous I/O,"asynchronous,io,networking,unix,windows,velociraptors,unicorns,deep-io"
C,Awesome-HarmonyOS,HarmonyOS,18348,3322,51,3322,1005,18348,A curated list of awesome things related to HarmonyOS. 华为鸿蒙操作系统。,"huawei,harmonyos,os,operating-system,iot,iot-platform,awesome,architecture,kernel"
C,robertdavidgraham,masscan,18050,2600,330,2600,647,18050,"TCP port scanner, spews SYN packets asynchronously, scanning entire Internet in under 5 minutes.",
C,go-delve,delve,17230,1741,124,1741,375,17230,Delve is a debugger for the Go programming language.,"go,debugger,golang"
C,nothings,stb,17019,5982,100,5982,613,17019,stb single-file public domain libraries for C/C++,
C,taosdata,TDengine,16971,4110,461,4110,681,16971,An open-source big data platform designed and optimized for the Internet of Things (IoT).,"iot,bigdata,time-series,database,industrial-iot,connected-vehicles,full-stack,monitoring"
C,openssl,openssl,16855,7369,1544,7369,930,16855,TLS/SSL and crypto library,"cryptography,openssl,encryption,tls,ssl,decryption"
C,mpv-player,mpv,16637,2045,696,2045,482,16637,🎥 Command line video player,"mpv,mplayer,c,ffmpeg,libav,audio,video,multimedia"
C,pbatard,rufus,16523,1704,14,1704,508,16523,The Reliable USB Formatting Utility,"usb,c,iso,bootable-drives,mbr,assembly,uefi,bios,boot,windows,syslinux,freedos,grub,grub4dos,sha1,sha256,md5,gpt,windows-to-go"
C,arendst,Tasmota,16373,3587,11,3587,657,16373,"Alternative firmware for ESP8266 with easy configuration using webUI, OTA updates, automation using timers or rules, expandability and entirely local control over MQTT, HTTP, Serial or KNX. Full documentation at","tasmota,firmware,esp8266,sonoff,tuya,knx,arduino,iot,mqtt,ota,automation,smart-home"
C,facebook,zstd,15728,1484,96,1484,402,15728,Zstandard - Fast real-time compression algorithm,
C,radareorg,radare2,15200,2564,829,2564,478,15200,UNIX-like reverse engineering framework and command-line toolset,"radare2,c,commandline,reverse-engineering,forensics,security,binary-analysis,malware-analysis,disassembler,hacktoberfest"
C,nginx,nginx,14921,5438,1,5438,959,14921,"An official read-only mirror of http://hg.nginx.org/nginx/ which is updated hourly. Pull requests on GitHub cannot be accepted and will be automatically closed. The proper way to submit changes to nginx is via the nginx development mailing list, see http://nginx.org/en/docs/contributing_changes.html",
C,gentilkiwi,mimikatz,14369,2856,122,2856,898,14369,A little tool to play with Windows security,
C,allinurl,goaccess,13940,943,338,943,284,13940,GoAccess is a real-time web log analyzer and interactive viewer that runs in a terminal in *nix systems or through your browser.,"goaccess,c,real-time,data-analysis,analytics,nginx,apache,webserver,web-analytics,monitoring,dashboard,command-line,gdpr,privacy,cli,tui,google-analytics,ncurses,terminal"
C,vurtun,nuklear,13343,1115,238,1115,569,13343,A single-header ANSI C gui library,"c,gui,nuklear,single-header-lib,c89,imgui"
C,micropython,micropython,13227,4843,1379,4843,744,13227,MicroPython - a lean and efficient Python implementation for microcontrollers and constrained systems,"micropython,python,embedded,microcontroller"
C,Tencent,ncnn,13068,3131,569,3131,565,13068,ncnn is a high-performance neural network inference framework optimized for the mobile platform,"inference,high-preformance,simd,arm-neon,deep-learning,artificial-intelligence,android,ios,ncnn,vulkan,neural-network,caffe,mxnet,pytorch,onnx,darknet,tensorflow,mlir,keras,riscv"
C,iovisor,bcc,12896,2470,645,2470,533,12896,"BCC - Tools for BPF-based Linux IO analysis, networking, monitoring, and more",
C,jarun,nnn,12716,500,2,500,126,12716,n³ The unorthodox terminal file manager,"file-manager,disk-usage,terminal,command-line,file-preview,batch-rename,cli,vim,c,productivity,launcher,raspberry-pi,multi-platform,filesystem,ncurses,wsl,tui,suckless,file-search,android"
C,timescale,timescaledb,12002,630,394,630,305,12002,An open-source time-series SQL database optimized for fast ingest and complex queries.  Packaged as a PostgreSQL extension.,"time-series-database,postgresql,time-series,sql,postgres,tsdb,iot,financial-analysis,analytics"
C,Foundry376,Mailspring,11724,746,16,746,180,11724,":love_letter: A beautiful, fast and fully open source mail client for Mac, Windows and Linux.","email,mail,electron,osx,windows,linux,electron-app,imap"
C,TheAlgorithms,C,11397,2994,150,2994,491,11397,"Collection of various algorithms in mathematics, machine learning, computer science, physics, etc implemented in C for educational purposes.","algorithms,data-structures,datastructures,c,algorithm-challenges,algorithm-competitions,education,learn-to-code,interview-questions,interview,community-driven,mathematics,hacktoberfest,sort,educational,machine-learning-algorithms,machine-learning,computer-science,search"
C,arut,nginx-rtmp-module,11395,3232,1049,3232,673,11395,NGINX-based Media Streaming Server,
C,memcached,memcached,11318,3010,66,3010,717,11318,memcached development tree,
C,alibaba,tengine,11129,2379,373,2379,916,11129,A distribution of Nginx with some advanced features,"tengine,nginx"
C,twitter,twemproxy,11062,1947,172,1947,826,11062,"A fast, light-weight proxy for memcached and redis",
C,s-matyukevich,raspberry-pi-os,10880,1046,46,1046,504,10880,Learning operating system development using Linux kernel and Raspberry Pi,"raspberry-pi,linux-kernel,osdev,arm,operating-system,raspberry-pi-3,armv8,kernel,tutorial,c,assembler,education,resource,raspberry-pi-os,learn"
C++,tensorflow,tensorflow,160393,85759,2895,85759,7983,160393,An Open Source Machine Learning Framework for Everyone,"tensorflow,machine-learning,python,deep-learning,deep-neural-networks,neural-network,ml,distributed"
C++,electron,electron,98732,12873,1373,12873,2967,98732,":electron: Build cross-platform desktop apps with JavaScript, HTML, and CSS","electron,javascript,c-plus-plus,html,css,chrome,nodejs,v8,works-with-codespaces"
C++,microsoft,terminal,78434,6978,1448,6978,1313,78434,"The new Windows Terminal and the original Windows console host, all in the same place!","console,terminal,cmd,wsl,windows-console,command-line,windows-terminal"
C++,bitcoin,bitcoin,58531,30410,1025,30410,3857,58531,Bitcoin Core integration/staging tree,"bitcoin,c-plus-plus,p2p,cryptocurrency,cryptography"
C++,apple,swift,57726,9251,486,9251,2566,57726,The Swift Programming Language,
C++,opencv,opencv,57715,48777,1997,48777,2670,57715,Open Source Computer Vision Library,"opencv,c-plus-plus,computer-vision,deep-learning,image-processing"
C++,pytorch,pytorch,51924,14191,10308,14191,1596,51924,Tensors and Dynamic neural networks in Python with strong GPU acceleration,"neural-network,autograd,gpu,numpy,deep-learning,tensor,python,machine-learning"
C++,protocolbuffers,protobuf,51515,13384,940,13384,2090,51515,Protocol Buffers - Google's data interchange format,"protobuf,protocol-buffers,protocol-compiler,protobuf-runtime,protoc,serialization,marshalling,rpc"
C++,godotengine,godot,43451,7860,6676,7860,1431,43451,Godot Engine – Multi-platform 2D and 3D game engine,"game-engine,godot,godotengine,open-source,multi-platform,gamedev,game-development,hacktoberfest"
C++,tesseract-ocr,tesseract,42528,7596,334,7596,1681,42528,Tesseract Open Source OCR Engine (main repository),"tesseract,tesseract-ocr,ocr,lstm,machine-learning,ocr-engine,hacktoberfest"
C++,x64dbg,x64dbg,37611,1707,503,1707,2890,37611,An open-source x64/x32 debugger for windows.,"debugger,windows,x64,disassembler,reverse-engineering,security,x86,x86-64,hacktoberfest,cpp"
C++,ocornut,imgui,32676,5589,681,5589,974,32676,Dear ImGui: Bloat-free Graphical User interface for C++ with minimal dependencies,"imgui,gui,gamedev,tools,ui,toolkit,native"
C++,grpc,grpc,32320,8464,925,8464,1358,32320,"The C based gRPC (C++, Python, Ruby, Objective-C, PHP, C#)",
C++,BVLC,caffe,32047,18900,1174,18900,2174,32047,Caffe: a fast open framework for deep learning.,"deep-learning,machine-learning,vision"
C++,ariya,phantomjs,28614,5821,12,5821,1155,28614,Scriptable Headless Browser,"phantomjs,headless,headless-browser,automation"
C++,nlohmann,json,27275,4630,39,4630,734,27275,JSON for Modern C++,"json,json-pointer,json-patch,cbor,msgpack,header-only,stl-containers,json-serialization,json-parser,rfc-6901,rfc-6902,rfc-7159,rfc-7049,json-diff,messagepack,rfc-8259,ubjson,json-merge-patch,bson"
C++,google,leveldb,26900,6013,238,6013,1327,26900,LevelDB is a fast key-value storage library written at Google that provides an ordered mapping from string keys to string values.,
C++,rethinkdb,rethinkdb,25075,1824,1433,1824,816,25075,The open-source database for the realtime web.,
C++,aria2,aria2,24567,2829,859,2829,725,24567,"aria2 is a lightweight multi-protocol & multi-source, cross platform download utility operated in command-line. It supports HTTP/HTTPS, FTP, SFTP, BitTorrent and Metalink.","cpp11,http,ftp,sftp,bittorrent,rpc,download,metalink"
C++,google,googletest,24116,7956,210,7956,1167,24116,GoogleTest - Google Testing and Mocking Framework,
C++,cmderdev,cmder,23050,1888,17,1888,592,23050,Lovely console emulator package for Windows,"cmder,powershell,c-plus-plus,portable,conemu,color-scheme,mintty,ssh-agent"
C++,microsoft,calculator,22992,4132,241,4132,558,22992,Windows Calculator: A simple yet powerful calculator that ships with Windows,"uwp,windows,windows-10,xaml,cpp,csharp"
C++,CMU-Perceptual-Computing-Lab,openpose,22455,6712,164,6712,909,22455,"OpenPose: Real-time multi-person keypoint detection library for body, face, hands, and foot estimation","openpose,computer-vision,machine-learning,cpp,caffe,opencv,human-pose-estimation,real-time,deep-learning,human-behavior-understanding,cvpr-2017,multi-person,foot-estimation,keypoints,face,pose,pose-estimation,human-pose,keypoint-detection,hand-estimation"
C++,dmlc,xgboost,21799,8204,296,8204,940,21799,"Scalable, Portable and Distributed Gradient Boosting (GBDT, GBRT or GBM) Library,  for Python, R, Java, Scala, C++ and more. Runs on single machine, Hadoop, Spark, Dask, Flink and DataFlow","gbdt,gbrt,gbm,distributed-systems,xgboost,machine-learning"
C++,topjohnwu,Magisk,21485,4642,62,4642,1157,21485,The Magic Mask for Android,
C++,huihut,interview,21110,5928,4,5928,830,21110,"📚 C/C++ 技术面试基础知识总结，包括语言、程序库、数据结构、算法、系统、网络、链接装载库等知识及面试经验、招聘、内推等信息。This repository is a summary of the basic knowledge of recruiting job seekers and beginners in the direction of C/C++ technology, including language, program library, data structure, algorithm, system, network, link loading library, interview experience, recruitment, recommendation, etc.","interview,interview-questions,interview-practice,interview-preparation,interviews,c,cpp,algorithm,database,data-structures,stl,operating-system,leetcode"
C++,facebook,rocksdb,21098,4744,641,4744,1005,21098,"A library that provides an embeddable, persistent key-value store for fast storage.","database,storage-engine"
C++,mongodb,mongo,20658,4995,53,4995,1236,20658,The MongoDB Database,"c-plus-plus,database,mongodb,nosql"
C++,facebook,folly,20306,4339,333,4339,1030,20306,An open-source C++ library developed and used at Facebook.,
C++,ClickHouse,ClickHouse,20288,3917,1856,3917,658,20288,ClickHouse® is a free analytics DBMS for big data,"dbms,olap,analytics,sql,distributed-database,big-data,mpp,clickhouse,hacktoberfest"
C++,apache,incubator-mxnet,19728,6875,1949,6875,1110,19728,"Lightweight, Portable, Flexible Distributed/Mobile Deep Learning with Dynamic, Mutation-aware Dataflow Dep Scheduler; for Python, R, Julia, Scala, Go, Javascript and more",mxnet
C++,ApolloAuto,apollo,19497,7821,1011,7821,1101,19497,An open autonomous driving platform,"apollo,autonomous-vehicles,autonomous-driving,autonomy,self-driving-car"
C++,uglide,RedisDesktopManager,19179,3030,28,3030,616,19179,:wrench: Cross-platform GUI management tool for Redis,"redis,database-gui,redis-gui,redis-gui-client"
C++,v8,v8,18568,3497,0,3497,980,18568,The official mirror of the V8 Git repository,"javascript-engine,virtual-machine,compiler,interpreter,javascript"
C++,mozilla,DeepSpeech,18424,3326,121,3326,653,18424,"DeepSpeech is an open source embedded (offline, on-device) speech-to-text engine which can run in real time on devices ranging from a Raspberry Pi 4 to high power GPU servers.","deep-learning,machine-learning,neural-networks,tensorflow,speech-recognition,speech-to-text,deepspeech,embedded,on-device,offline"
C++,osquery,osquery,18380,2222,523,2222,702,18380,"SQL powered operating system instrumentation, monitoring, and analytics.","security,monitoring,intrusion-detection,sql,hacktoberfest"
C++,envoyproxy,envoy,18292,3386,1242,3386,601,18292,Cloud-native high-performance edge/middle/service proxy,"cats,rocket-ships,cars,more-cats,cats-over-dogs,nanoservices,corgis,cncf"
C++,alibaba,weex,17757,2155,32,2155,1787,17757,A framework for building Mobile cross-platform UI,"mobile,android,ios,weex,web,sdk"
C++,microsoft,CNTK,17111,4386,838,4386,1297,17111,"Microsoft Cognitive Toolkit (CNTK), an open source deep-learning toolkit","cognitive-toolkit,cntk,deep-learning,machine-learning,deep-neural-networks,neural-network,distributed,python,c-plus-plus,c-sharp,java"
C++,facebook,hhvm,17109,2963,646,2963,1045,17109,A virtual machine for executing programs written in Hack.,"hhvm,php,hack,hacklang"
C++,swoole,swoole-src,17101,3167,71,3167,872,17101,🚀 Coroutine-based concurrency library for PHP,"swoole,network,coroutines,php,timer,websocket,async,event,concurrency"
C++,telegramdesktop,tdesktop,17078,3644,698,3644,739,17078,Telegram Desktop messaging app,"telegram,telegram-desktop,messenger,telegram-solution,multi-platform"
C++,google,flatbuffers,16992,2651,128,2651,642,16992,FlatBuffers: Memory Efficient Serialization Library,"flatbuffers,serialization,serialization-library,json-parser,marshalling,rpc,zero-copy,mmap,cross-platform,c-plus-plus,java,c-sharp,go,python,rust,javascript,typescript,grpc,c,protobuf"
C++,taichi-dev,taichi,16811,1738,393,1738,377,16811,Parallel programming for everyone.,"taichi,differentiable-programming,gpu-programming,sparse-computation,gpu"
C++,yuzu-emu,yuzu,16761,1428,736,1428,505,16761,Nintendo Switch Emulator,"emulator,c-plus-plus,cpp,switch,emulation"
C++,vnpy,vnpy,16689,6768,9,6768,1334,16689,基于Python的开源量化交易平台开发框架,"trading,investment,quant,python,algotrading,finance,fintech,vnpy"
C++,TheAlgorithms,C-Plus-Plus,16540,4468,151,4468,443,16540,"Collection of various algorithms in mathematics, machine learning, computer science and physics implemented in C++ for educational purposes.","cpp,algorithm,algorithms-implemented,data-structures,algorithm-competitions,algorithms,interview-preparation,interview-questions,search,sort,educational,instructor-materials,machine-learning-algorithms,artificial-intelligence-algorithms,hacktoberfest,computer-science,machine-learning,mathematics"
C++,ossrs,srs,16306,4140,183,4140,802,16306,"SRS is a simple, high efficiency and realtime video server, supports RTMP, WebRTC, HLS, HTTP-FLV, SRT and GB28181.","rtmp,rtmp-server,live-streaming,live,media-server,srs,hls,http-streaming,http-flv,cdn,cluster,coroutine,webrtc,gb28181,srt,low-latency"
C++,Light-City,CPlusPlusThings,16128,3901,60,3901,415,16128,C++那些事,
C++,SerenityOS,serenity,16121,1658,558,1658,302,16121,The Serenity Operating System 🐞,"operating-system,c-plus-plus,os,unix,desktop-environment,kernel"
PHP,laravel,laravel,67210,21733,30,21733,4630,67210,A PHP framework for web artisans.,"php,framework,laravel"
PHP,danielmiessler,SecLists,34485,17904,36,17904,1786,34485,"SecLists is the security tester's companion. It's a collection of multiple types of lists used during security assessments, collected in one place. List types include usernames, passwords, URLs, sensitive data patterns, fuzzing payloads, web shells, and many more.",
PHP,fzaninotto,Faker,26186,3215,246,3215,562,26186,Faker is a PHP library that generates fake data for you,
PHP,symfony,symfony,25958,8387,671,8387,1190,25958,The Symfony PHP framework,"framework,php,symfony,symfony-bundle,bundle,php-framework,hacktoberfest"
PHP,composer,composer,25774,6182,211,6182,602,25774,Dependency Manager for PHP,"php,composer,dependency-manager,package-manager,packages,hacktoberfest"
PHP,laravel,framework,25197,8608,4,8608,1038,25197,The Laravel Framework.,"php,framework,laravel"
PHP,DesignPatternsPHP,DesignPatternsPHP,20059,4327,3,4327,1255,20059,sample code for several design patterns in PHP 8,"designpatternsphp,php,design-patterns,design-pattern,oop,modern-php,code-examples,phpunit,php8,hacktoberfest"
PHP,Seldaek,monolog,19211,1775,26,1775,329,19211,"Sends your logs to files, sockets, inboxes, databases and various web services","php,logging,logger,psr-3,hacktoberfest"
PHP,bcit-ci,CodeIgniter,18169,7791,95,7791,1613,18169,Open Source PHP Framework (originally from EllisLab),php
PHP,sebastianbergmann,phpunit,17982,2046,155,2046,344,17982,The PHP Unit Testing framework.,"php,phpunit,testing-tools"
PHP,nextcloud,server,17270,2819,1696,2819,576,17270,"☁️ Nextcloud server, a safe home for all your data","open-source,file-sharing,enterprise,sharing,collaboration,cloud,nextcloud,self-hosting,decentralized,federation,free-software,distributed,owncloud,javascript,ux,design,usability,opensource,php,hacktoberfest"
PHP,matomo-org,matomo,15571,2212,1856,2212,431,15571,Liberating Web Analytics. Star us on Github? +1. Matomo is the leading open alternative to Google Analytics that gives you full control over your data. Matomo lets you easily collect data from websites & apps and visualise this data and extract insights. Privacy is built-in. We love Pull Requests! ,"analytics,php,piwik,log,website,privacy,mobile,intranet,web-analytics,marketing,growth,matomo,mysql,hacktoberfest,security"
PHP,briannesbitt,Carbon,15495,1187,8,1187,236,15495,A simple PHP API extension for DateTime.,
PHP,monicahq,monica,15364,1567,470,1567,268,15364,"Personal CRM. Remember everything about your friends, family and business relationships.","laravel,crm,friends,family,social,prm,php,hacktoberfest"
PHP,nikic,PHP-Parser,14966,844,77,844,237,14966,A PHP parser written in PHP,"php,parser,ast,static-analysis"
PHP,easychen,howto-make-more-money,14834,1567,5,1567,1974,14834,"程序员如何优雅的挣零花钱，2.0版，升级为小书了。Most of this not work outside China , so no English translate",
PHP,erusev,parsedown,13912,1033,122,1033,217,13912,Better Markdown Parser in PHP,"markdown-parser,markdown,parser,php"
PHP,yiisoft,yii2,13826,6975,494,6975,1147,13826,"Yii 2: The Fast, Secure and Professional PHP Framework","yii,php,php-framework,yii2,framework,hacktoberfest"
PHP,barryvdh,laravel-debugbar,13340,1295,41,1295,284,13340,Laravel Debugbar (Integrates PHP Debug Bar),"laravel,debugbar,hacktoberfest"
PHP,getgrav,grav,12997,1326,331,1326,356,12997,"Modern, Crazy Fast, Ridiculously Easy and Amazingly Powerful Flat-File CMS","php,cms,flat-file,content,website,grav,content-management,twig,yaml,symfony,doctrine,php7,website-builder,website-generation,markdown"
PHP,koel,koel,12967,1653,72,1653,336,12967,🐦 A personal music streaming server that works.,"laravel,vue,audio,streaming,mp3player,hacktoberfest"
PHP,filp,whoops,12597,582,5,582,196,12597,PHP errors for cool kids ,"php,php-errors,whoops,error-handling,errors,ui"
PHP,CachetHQ,Cachet,12408,1468,347,1468,295,12408,📛 An open source status page system for everyone.,"php,cachet,laravel,web-application,composer,statuspage,vuejs"
PHP,phacility,phabricator,12212,1580,1,1580,603,12212,"Effective June 1, 2021: Phabricator is no longer actively maintained.","phabricator,php,git,hg,svn"
PHP,Intervention,image,12212,1376,332,1376,279,12212,PHP Image Manipulation,"php,laravel,image,manipulation,intervention,gd,imagick,thumbnail,watermark"
PHP,thephpleague,flysystem,12168,676,26,676,169,12168,Abstraction for local and remote filesystems,"filesystem,php,thephpleague,filesystem-library"
PHP,flarum,flarum,12048,1331,0,1331,555,12048,Simple forum software for building great communities.,"php,forum,flarum,laravel"
PHP,barryvdh,laravel-ide-helper,11798,1020,116,1020,276,11798,Laravel IDE Helper,"laravel,autocompletion,hacktoberfest"
PHP,vlucas,phpdotenv,11562,566,2,566,164,11562,"Loads environment variables from `.env` to `getenv()`, `$_ENV` and `$_SERVER` automagically.","hacktoberfest,php,environment,dotenv,environment-variables,configuration"
PHP,PHPOffice,PHPExcel,11471,4137,668,4137,787,11471,ARCHIVED,
PHP,flarum,flarum,12048,1331,0,1331,555,12048,Simple forum software for building great communities.,"php,forum,flarum,laravel"
PHP,barryvdh,laravel-ide-helper,11798,1020,116,1020,276,11798,Laravel IDE Helper,"laravel,autocompletion,hacktoberfest"
PHP,vlucas,phpdotenv,11562,566,2,566,164,11562,"Loads environment variables from `.env` to `getenv()`, `$_ENV` and `$_SERVER` automagically.","hacktoberfest,php,environment,dotenv,environment-variables,configuration"
PHP,PHPOffice,PHPExcel,11471,4137,668,4137,787,11471,ARCHIVED,
PHP,roots,sage,11451,2962,38,2962,630,11451,WordPress starter theme with a modern development workflow,"wordpress-starter-theme,wordpress,wordpress-theme,browsersync,webpack,blade,es6,sage,tailwindcss,laravel"
PHP,ramsey,uuid,11413,431,22,431,133,11413,A PHP library for generating universally unique identifiers (UUIDs).,"uuid,guid,identifiers,php,php7,php8,hacktoberfest"
PHP,slimphp,Slim,11131,1927,8,1927,532,11131,Slim is a PHP micro framework that helps you quickly write simple yet powerful web applications and APIs.,"slim,slim-framework,php,php-micro-framework,framework,micro-framework,psr-7,psr-15,psr-3"
PHP,the-control-group,voyager,10739,2550,274,2550,443,10739,Voyager - The Missing Laravel Admin,"laravel-admin,laravel,voyager"
PHP,octobercms,october,10721,2273,7,2273,443,10721,Self-hosted CMS platform based on the Laravel PHP Framework.,"cms,framework,cmf,laravel,php,platform,octobercms,backend,cms-platform"
PHP,FriendsOfPHP,PHP-CS-Fixer,10587,1335,398,1335,215,10587,A tool to automatically fix PHP Coding Standards issues,"php,static-analysis,code-style,code-standards"
PHP,doctrine,inflector,10585,109,9,109,24,10585,Doctrine Inflector is a small library that can perform string manipulations with regard to uppercase/lowercase and singular/plural forms of words.,
PHP,phalcon,cphalcon,10505,1912,62,1912,668,10505,"High performance, full-stack PHP framework delivered as a C extension.","phalcon,php,extension,php-extension,framework,phalcon-framework,ext-phalcon,phalcon-extension,psr-3,psr-4,psr-7,psr-13,psr-16,psr-17,hacktoberfest"
PHP,PHPOffice,PhpSpreadsheet,10480,2413,213,2413,330,10480,A pure PHP library for reading and writing spreadsheet files,"php,spreadsheet,excel,libreoffice,xlsx,ods,xls,phpexcel,sylk,office,msexcel,gnumeric,hacktoberfest"
PHP,doctrine,lexer,10426,44,3,44,24,10426,"Base library for a lexer that can be used in Top-Down, Recursive Descent Parsers.",
PHP,egulias,EmailValidator,10370,149,17,149,32,10370,PHP Email address validator,"emailvalidator,email,validator,php"
PHP,doctrine,instantiator,10370,55,5,55,25,10370,,
PHP,docker,labs,10340,5090,100,5090,568,10340,This is a collection of tutorials for learning how to use Docker with various tools. Contributions welcome.,"docker-tutorial,lab,swarm,docker,docker-compose,swarm-mode,orchestration,windows,dotnet,java,security,containers"
PHP,Maatwebsite,Laravel-Excel,10310,1627,8,1627,236,10310,🚀 Supercharged Excel exports and imports in Laravel,"laravel,phpexcel,php,phpoffice,csv,laravel-5-package,laravel-package"
PHP,tymondesigns,jwt-auth,10248,1387,551,1387,275,10248,🔐 JSON Web Token Authentication for Laravel & Lumen,"jwt,laravel,authentication,php"
PHP,z-song,laravel-admin,10195,2591,66,2591,372,10195,Build a full-featured administrative interface in ten minutes,"laravel-admin,model-grid,model-form,model-tree,model-show"
Go,golang,go,91939,13577,7587,13577,3502,91939,The Go programming language,"programming-language,language,go,golang"
Go,kubernetes,kubernetes,82419,30119,2580,30119,3291,82419,Production-Grade Container Scheduling and Management,"kubernetes,go,cncf,containers"
Go,avelino,awesome-go,70266,9131,55,9131,2677,70266,"A curated list of awesome Go frameworks, libraries and software","golang,golang-library,go,awesome,awesome-list,hacktoberfest"
Go,moby,moby,61491,17772,4208,17772,3052,61491,Moby Project - a collaborative project for the container ecosystem to assemble container-based systems,"docker,containers,go"
Go,gohugoio,hugo,55058,6261,692,6261,1063,55058,The world’s fastest framework for building websites.,"go,hugo,static-site-generator,blog-engine,cms,content-management-system,documentation-tool,hacktoberfest"
Go,gin-gonic,gin,52761,5985,445,5985,1355,52761,"Gin is a HTTP web framework written in Go (Golang). It features a Martini-like API with much better performance -- up to 40 times faster. If you need smashing performance, get yourself some Gin.","server,middleware,framework,go,router,performance,gin"
Go,fatedier,frp,50259,9181,88,9181,1520,50259,A fast reverse proxy to help you expose a local server behind a NAT or firewall to the internet.,"proxy,reverse-proxy,tunnel,nat,go,firewall,frp,expose,http-proxy"
Go,syncthing,syncthing,41274,3234,317,3234,984,41274,Open Source Continuous File Synchronization,"synchronization,go,peer-to-peer,p2p"
Go,junegunn,fzf,40101,1731,250,1731,395,40101,:cherry_blossom: A command-line fuzzy finder,"fzf,go,bash,zsh,fish,vim,neovim,cli,unix,tmux"
Go,prometheus,prometheus,39454,6530,561,6530,1143,39454,The Prometheus monitoring system and time series database.,"monitoring,metrics,alerting,graphing,time-series,prometheus,hacktoberfest"
Go,astaxie,build-web-application-with-golang,38996,10319,107,10319,2450,38996,A golang ebook intro how to build a web with golang,
Go,v2ray,v2ray-core,38425,8295,21,8295,1402,38425,A platform for building proxies to bypass network restrictions.,"v2ray,shadowsocks,golang,proxy,socks,socks5,http-proxy,vmess"
Go,gogs,gogs,37940,4433,809,4433,1052,37940,Gogs is a painless self-hosted Git service,"gogs,go,git,lsif-enabled"
Go,etcd-io,etcd,37758,8069,189,8069,1352,37758,Distributed reliable key-value store for the most critical data of a distributed system,"etcd,raft,distributed-systems,kubernetes,go,database,key-value,consensus,distributed-database"
Go,traefik,traefik,35576,3943,615,3943,700,35576,The Cloud Native Application Proxy,"microservice,docker,marathon,mesos,consul,etcd,kubernetes,load-balancer,reverse-proxy,zookeeper,letsencrypt,golang,go"
Go,caddyserver,caddy,35120,2827,83,2827,758,35120,"Fast, multi-platform web server with automatic HTTPS","go,web-server,caddyfile,http,http-server,reverse-proxy,https,tls,automatic-https,privacy,security"
Go,ethereum,go-ethereum,33171,12286,278,12286,2131,33171,Official Go implementation of the Ethereum protocol,"go,blockchain,ethereum,p2p,geth"
Go,FiloSottile,mkcert,32490,1518,101,1518,445,32490,A simple zero-config tool to make locally trusted development certificates with any names you'd like.,"https,tls,certificates,local-development,localhost,root-ca,macos,linux,windows,ios,firefox,chrome"
Go,minio,minio,29887,3372,29,3372,586,29887,"High Performance, Kubernetes Native Object Storage","go,storage,cloud,s3,objectstorage,cloudstorage,amazon-s3,cloudnative"
Go,hashicorp,terraform,29702,7026,1510,7026,1180,29702,"Terraform enables you to safely and predictably create, change, and improve infrastructure. It is an open source tool that codifies APIs into declarative configuration files that can be shared amongst team members, treated as code, edited, reviewed, and versioned.","graph,infrastructure-as-code,terraform,cloud,cloud-management"
Go,rclone,rclone,29486,2658,705,2658,551,29486,"""rsync for cloud storage"" - Google Drive, S3, Dropbox, Backblaze B2, One Drive, Swift, Hubic, Wasabi, Google Cloud Storage, Yandex Files","golang,go,cloud-storage,s3,openstack-swift,google-drive,azure-blob,amazon-drive,backblaze-b2,sftp,ftp,rclone,hubic,dropbox,google-cloud-storage,onedrive,sync,fuse-filesystem,encryption,webdav"
Go,pingcap,tidb,29444,4728,2542,4728,1335,29444,TiDB is an open source distributed HTAP database compatible with the MySQL protocol ,"distributed-database,distributed-transactions,tidb,database,scale,mysql,htap,sql,cloud-native,serverless,mysql-compatibility,go,hacktoberfest"
Go,evanw,esbuild,28518,676,215,676,284,28518,An extremely fast JavaScript and CSS bundler and minifier,"module-bundler,typescript,minifier,javascript,es6,commonjs,compiler,jsx,tsx,css,react"
Go,istio,istio,28395,5815,679,5815,1038,28395,"Connect, secure, control, and observe services.","microservices,service-mesh,lyft-envoy,kubernetes,api-management,circuit-breaker,polyglot-microservices,enforce-policies,proxies,microservice,envoy,consul,nomad,request-routing,resiliency,fault-injection"
Go,wagoodman,dive,28262,1086,108,1086,342,28262,A tool for exploring each layer in a docker image,"docker,docker-image,inspector,explorer,cli,tui"
Go,unknwon,the-way-to-go_ZH_CN,27912,7543,28,7543,1293,27912,《The Way to Go》中文译本，中文正式名《Go 入门指南》,"go,tutorial,book,translation"
Go,beego,beego,27171,5336,30,5336,1234,27171,"beego is an open-source, high-performance web framework for the Go programming language.","go,beego"
Go,go-gitea,gitea,26859,3355,1843,3355,484,26859,"Git with a cup of tea, painless self-hosted git service","gitea,golang,devops,git,gitlab,github,go,gogs,hacktoberfest"
Go,cli,cli,26123,2965,429,2965,626,26123,GitHub’s official command line tool,"github-api-v4,cli,git,golang,hacktoberfest"
Go,go-gorm,gorm,25722,2908,133,2908,494,25722,"The fantastic ORM library for Golang, aims to be developer friendly","go,golang,orm,web,gorm"
Go,drone,drone,24097,2358,51,2358,562,24097,"Drone is a Container-Native, Continuous Delivery Platform","continuous-delivery,continuous-integration,go,build-pipelines,build-automation,docker,ci,ci-cd,hacktoberfest"
Go,docker,compose,24062,4031,661,4031,701,24062,Define and run multi-container applications with Docker,"docker,docker-compose,orchestration,go,golang"
Go,spf13,cobra,23791,2046,359,2046,346,23791,A Commander for modern Go CLI interactions,"cobra,cobra-library,cobra-generator,posix-compliant-flags,command-cobra,cli-app,command-line,commandline,command,cli,go,golang,golang-library,golang-application,subcommands,posix"
Go,hashicorp,consul,23459,3897,1012,3897,997,23459,"Consul is a distributed, highly available, and data center aware solution to connect and configure applications across dynamic, distributed infrastructure.",hacktoberfest
Go,cockroachdb,cockroach,22386,2921,4413,2921,730,22386,"CockroachDB - the open source, cloud-native distributed SQL database.","go,database,sql,distributed-database,cockroachdb,hacktoberfest"
Go,influxdata,influxdb,22333,3051,1370,3051,756,22333,"Scalable datastore for metrics, events, and real-time analytics","influxdb,monitoring,database,time-series,metrics,go,react"
Go,kubernetes,minikube,22268,3764,636,3764,471,22268,Run Kubernetes locally,"minikube,kubernetes,cluster,containers,go,cncf"
Go,hashicorp,vault,22097,3119,1066,3119,786,22097,"A tool for secrets management, encryption as a service, and privileged access management","vault,go,secrets"
Go,jesseduffield,lazygit,21856,838,213,838,236,21856,simple terminal UI for git commands,"cli,git,terminal"
Go,go-kit,kit,21597,2202,48,2202,697,21597,A standard library for microservices.,"go,microservices,golang,metallica"
Go,kataras,iris,21369,2314,69,2314,708,21369,"The fastest HTTP/2 Go Web Framework. AWS Lambda, gRPC, MVC, Unique Router, Websockets, Sessions, Test suite, Dependency Injection and more. A true successor of expressjs and laravel | 谢谢 https://github.com/kataras/iris/issues/1329 |","go,framework,server,middleware,router,performance,iris,web-framework,mvc,golang,expressjs,laravel"
Go,mattermost,mattermost-server,21354,5213,766,5213,550,21354,Mattermost is an open source platform for secure collaboration across the entire software development lifecycle.,"collaboration,mattermost,golang,go,react,react-native,hacktoberfest"
Go,github,hub,21341,2257,279,2257,505,21341,A command-line tool that makes git easier to use with GitHub.,"go,homebrew,git,github-api,pull-request"
Go,halfrost,LeetCode-Go,21105,3823,12,3823,567,21105,"✅ Solutions to LeetCode by Go, 100% test coverage, runtime beats 100% / LeetCode 题解","leetcode,golang,go,leetcode-golang,leetcode-solutions,algorithms,algorithm,interview-questions,dynamic-programming,facebook,math,leetcode-go,algorithms-and-data-structures,algo,algorithm-competitions,acm-icpc,pattern"
Go,labstack,echo,21020,1863,80,1863,535,21020,"High performance, minimalist Go web framework","go,echo,web,middleware,microservice,websocket,ssl,letsencrypt,micro-framework,https,http2,web-framework,labstack-echo"
Go,inconshreveable,ngrok,20991,3837,327,3837,688,20991,Introspected tunnels to localhost,
Go,openfaas,faas,20615,1668,29,1668,509,20615,OpenFaaS - Serverless Functions Made Simple,"functions-as-a-service,functions,lambda,serverless,prometheus,kubernetes,k8s,serverless-functions,paas,gitops,faas,docker,golang,nodejs"
Go,helm,helm,20539,5881,454,5881,525,20539,The Kubernetes Package Manager,"cncf,chart,kubernetes,helm,charts"
Go,nsqio,nsq,20470,2623,61,2623,851,20470,A realtime distributed messaging platform,"go,messaging,distributed-systems,queue,message-queue,nsq"
Go,Dreamacro,clash,20287,2854,52,2854,401,20287,A rule-based tunnel in Go.,"golang,clash,tunnel,rule-based"
